SYMB_COMPANY_NAME,SM_KEY_SYMBOL,SM_NEW_SYMBOL,SM_APPLICABLE_FROM
Hindware Home Innovation Limited,SHIL,HINDWAREAP,21-Jun-22
Jupiter Wagons Limited,CEBBCO,JWL,20-Jun-22
Samvardhana Motherson International Limited,MOTHERSUMI,MOTHERSON,09-Jun-22
HSIL Limited,HSIL,AGI,11-May-22
NIPPON INDIA ETF CONSUMPTION,NETFCONSUM,CONSUMBEES,10-May-22
NIPPON INDIA ETF DIVIDEND OPPORTUNITIES,NEFTDIVOPP,DIVOPPBEES,10-May-22
NIPPON INDIA ETF LONG TERM GILT,NETFLTGILT,LTGILTBEES,10-May-22
NIPPON INDIA ETF NIFTY 100,NETFNIF100,NIF100BEES,10-May-22
NIPPON INDIA ETF NIFTY MIDCAP 150,NETFMID150,MID150BEES,10-May-22
NIPPON INDIA ETF NV20,NETFNV20,NV20BEES,10-May-22
Nippon India Mutual Fund - ETF Nifty SDL - 2026 Maturity,NETFSDL26,SDL26BEES,10-May-22
Nippon India Mutual Fund - Nippon India ETF 5 Year Gilt,NETFGILT5Y,GILT5YBEES,10-May-22
Nippon India Mutual Fund - Nippon India Nifty Auto ETF,NETFAUTO,AUTOBEES,10-May-22
Nippon India Mutual Fund - Nippon India Nifty Pharma ETF,NETFPHARMA,PHARMABEES,10-May-22
Nippon India Mutual Fund - Nippon India Silver ETF,NETFSILVER,SILVERBEES,10-May-22
Nippon India Mutual Fund-Nippon India ETF Nifty CPSE Bond Plus SDL-24,NCPSESDL24,SDL24BEES,10-May-22
Nippon Life India Asset Management Limited,NETFIT,ITBEES,10-May-22
Sonu Infratech Limited,AAZCS3193G,SONUINFRA,10-May-22
KPI Green Energy Limited,KPIGLOBAL,KPIGREEN,27-Apr-22
DSJ Keep Learning Limited,DALALSTCOM,KEEPLEARN,06-Apr-22
ZF Commercial Vehicle Control Systems India Limited,WABCOINDIA,ZFCVINDIA,01-Apr-22
DUDIGITAL GLOBAL LIMITED,DUDIGITAL,DUGLOBAL,17-Mar-22
SEPC Limited,SHRIRAMEPC,SEPC,09-Mar-22
Zydus Lifesciences Limited,CADILAHC,ZYDUSLIFE,07-Mar-22
Integra Essentia Limited,INTEGRA,ESSENTIA,02-Mar-22
PDS Limited,PDSMFL,PDSL,17-Feb-22
Restaurant Brands Asia Limited,BURGERKING,RBA,17-Feb-22
Debock Industries Limited,DSML,DIL,14-Jan-22
PCBL LIMITED,PHILIPCARB,PCBL,13-Jan-22
WinPro Industries Limited,JUMPNET,WINPRO,22-Dec-21
Dolat Algotech Limited,DOLAT,DOLATALGO,20-Dec-21
Linc Limited,LINCPEN,LINC,20-Dec-21
KBC Global Limited,KARDA,KBCGLOBAL,16-Dec-21
Yaari Digital Integrated Services Limited,YAARII,YAARI,15-Dec-21
Black Box Limited,AGCNET,BBOX,03-Dec-21
Equippp Social Impact Technologies Limited,PROINDIA,EQUIPPP,30-Nov-21
Angel One Limited,ANGELBRKG,ANGELONE,11-Nov-21
Aurum PropTech Limited,MAJESCO,AURUM,22-Oct-21
DELPHI WORLD MONEY LIMITED,EBIXFOREX,DELPHIFX,01-Sep-21
DUDIGITAL GLOBAL LIMITED,AACCD7641R,DUDIGITAL,20-Aug-21
AJR INFRA AND TOLLING LIMITED,GAMMNINFRA,AJRINFRA,16-Aug-21
SEJAL GLASS LIMITED,SEZAL,SEJAL,16-Aug-21
Nandani Creation Limited,NANDANI,JAIPURKURT,06-Aug-21
Poonawalla Fincorp Limited,MAGMA,POONAWALLA,05-Aug-21
SOVEREIGN GOLD BONDS 2.50% JULY 2029 SR-IV 2021-22,SGBJUN29IV,SGBJUL29IV,28-Jul-21
RHI MAGNESITA INDIA LTD,ORIENTREF,RHIM,22-Jul-21
Motilal Oswal Mutual Fund - Motilal Oswal 5 Year G Sec ETF - Growth,G5,MOGSEC,16-Jun-21
Motilal Oswal Mutual Fund - Motilal Oswal MOSt Shares M100 ETF GO,M100,MOM100,16-Jun-21
Motilal Oswal Mutual Fund - Motilal Oswal MOSt Shares M50 ETF,M50,MOM50,16-Jun-21
Motilal Oswal Mutual Fund-Motilal Oswal MOSt Shares NASDAQ 100 ETF -GO,N100,MON100,16-Jun-21
INCREDIBLE INDUSTRIES LIMITED,ADHUNIKIND,INCREDIBLE,20-May-21
Vikas Lifecare Limited,VIKASMCORP,VIKASLIFE,06-May-21
RattanIndia Enterprises Limited,RTNINFRA,RTNINDIA,07-Apr-21
Jubilant Pharmova Limited,JUBILANT,JUBLPHARMA,12-Feb-21
OM INFRA LIMITED,OMMETALS,OMINFRAL,10-Feb-21
RPSG VENTURES LIMITED,CESCVENT,RPSGVENT,01-Feb-21
SECUREKLOUD TECHNOLOGIES LIMITED,8KMILES,SECURKLOUD,20-Jan-21
Adani Total Gas Limited,ADANIGAS,ATGL,13-Jan-21
Indus Towers Limited,INFRATEL,INDUSTOWER,18-Dec-20
Yaari Digital Integrated Services Limited,IBULISL,YAARII,08-Dec-20
Huhtamaki India Limited,PAPERPROD,HUHTAMAKI,26-Nov-20
Sterlite Technologies Limited,STRTECH,STLTECH,29-Oct-20
Dhani Services Limited,IBVENTPP,DHANIPP,28-Oct-20
Dhani Services Limited,IBVENTURES,DHANI,28-Oct-20
EPL Limited,ESSELPACK,EPL,19-Oct-20
Privi Speciality Chemicals Limited,FAIRCHEM,PRIVISCL,14-Oct-20
JSW Ispat Special Products Limited,AIONJSW,JSWISPL,12-Oct-20
DEEP ENERGY RESOURCES LIMITED,DEEPIND,DEEPENR,30-Sep-20
Dhani Loans and Services Limited,ICFL,DHANILOANS,17-Sep-20
Coforge Limited,NIITTECH,COFORGE,20-Aug-20
Zenith Steel Pipes & Industries Limited,ZENITHBIR,ZENITHSTL,19-Aug-20
WE WIN LIMITED,SUREVIN,WEWIN,01-Jul-20
Imagicaaworld Entertainment Limited,ADLABS,IMAGICAA,22-Apr-20
Tembo Global Industries Limited,SAKETH,TEMBO,13-Apr-20
DELPHI WORLD MONEY LIMITED,WEIZFOREX,EBIXFOREX,20-Mar-20
ANDHRA PAPER LIMITED,ANDPAPER,ANDHRAPAP,05-Mar-20
TATA CONSUMER PRODUCTS LIMITED,TATAGLOBAL,TATACONSUM,27-Feb-20
BOROSIL RENEWABLES LIMITED,BOROSIL,BORORENEW,20-Feb-20
Nippon Life India Asset Management Limited,RNAM,NAM-INDIA,23-Jan-20
ANDHRA PAPER LIMITED,IPAPPM,ANDPAPER,22-Jan-20
HLV LIMITED,HOTELEELA,HLVLTD,08-Jan-20
NXTDIGITAL LIMITED,HINDUJAVEN,NXTDIGITAL,11-Nov-19
AVRO INDIA LIMITED,AVONMPL,AVROIND,01-Nov-19
 NIPPON INDIA MF - NIPPON INDIA Dual Advantage FTF  Sr. x Plan E -  GO,RDAXEDG,NDAXEDG,30-Oct-19
 NIPPON INDIA MF - NIPPON INDIA Dual Advantage FTF  Sr. x Plan E - DPO,RDAXEDD,NDAXEDD,30-Oct-19
 NIPPON INDIA MF - NIPPON INDIA Dual Advantage FTF  Sr. x Plan E-DPGO,RDAXEDDG,NDAXEDDG,30-Oct-19
 NIPPON INDIA MF-NIPPON INDIA Dual Advantage FTF Sr.x Plan E- DP- DPO,RDAXEDDD,NDAXEDDD,30-Oct-19
NIPPON INDIA ETF CONSUMPTION,RELCONS,NETFCONSUM,30-Oct-19
NIPPON INDIA ETF NIFTY 100,RELCNX100,NETFNIF100,30-Oct-19
NIPPON INDIA ETF NIFTY MIDCAP 150,RETFMID150,NETFMID150,30-Oct-19
NIPPON INDIA MF - NIPPON INDIA Dual Adv FTF Sr III Pl A - DP-GO,RDAIIIADG,NDAIIIADG,30-Oct-19
NIPPON INDIA MF - NIPPON INDIA Dual Adv FTF Sr III Pl A - DPO,RDAIIIARD,NDAIIIARD,30-Oct-19
NIPPON INDIA MF - NIPPON INDIA Dual Adv FTF Sr III Pl A - GO,RDAIIIARG,NDAIIIARG,30-Oct-19
NIPPON INDIA MF - NIPPON INDIA Dual Adv FTF Sr IX Pl D - DP-DPO,RDAIXDDD,NDAIXDDD,30-Oct-19
NIPPON INDIA MF - NIPPON INDIA Dual Adv FTF Sr IX Pl D - DP-GO,RDAIXDDG,NDAIXDDG,30-Oct-19
NIPPON INDIA MF - NIPPON INDIA Dual Adv FTF Sr IX Pl D - DPO,RDAIXDD,NDAIXDD,30-Oct-19
NIPPON INDIA MF - NIPPON INDIA Dual Adv FTF Sr IX Pl D - GO,RDAIXDG,NDAIXDG,30-Oct-19
NIPPON INDIA MF - NIPPON INDIA Dual Adv FTF Sr IX Pl E - DP-DPO,RDAIXEDDD,NDAIXEDDD,30-Oct-19
NIPPON INDIA MF - NIPPON INDIA Dual Adv FTF Sr IX Pl E - DP-GO,RDAIXEDDG,NDAIXEDDG,30-Oct-19
NIPPON INDIA MF - NIPPON INDIA Dual Adv FTF Sr IX Pl E - DPO,RDAIXEDD,NDAIXEDD,30-Oct-19
NIPPON INDIA MF - NIPPON INDIA Dual Adv FTF Sr IX Pl E - GO,RDAIXEDG,NDAIXEDG,30-Oct-19
NIPPON INDIA MF - NIPPON INDIA Dual Adv FTF Sr IX Pl F - DP-DPO,RDAIXFDDD,NDAIXFDDD,30-Oct-19
NIPPON INDIA MF - NIPPON INDIA Dual Adv FTF Sr IX Pl F - DP-GO,RDAIXFDDG,NDAIXFDDG,30-Oct-19
NIPPON INDIA MF - NIPPON INDIA Dual Adv FTF Sr IX Pl F - DPO,RDAIXFDD,NDAIXFDD,30-Oct-19
NIPPON INDIA MF - NIPPON INDIA Dual Adv FTF Sr IX Pl F - GO,RDAIXFDG,NDAIXFDG,30-Oct-19
NIPPON INDIA MF - NIPPON INDIA Dual Adv FTF Sr VII Pl C - DP-GO,RDAVIIPCDG,NDAVIIPCDG,30-Oct-19
NIPPON INDIA MF - NIPPON INDIA Dual Adv FTF Sr VII Pl D - DP-DPO,RDAVIIPDDD,NDAVIIPDDD,30-Oct-19
NIPPON INDIA MF - NIPPON INDIA Dual Adv FTF Sr VII Pl D - DP-GO,RDAVIIPDDG,NDAVIIPDDG,30-Oct-19
NIPPON INDIA MF - NIPPON INDIA Dual Adv FTF Sr VII Pl D - DPO,RDAVIIPDD,NDAVIIPDD,30-Oct-19
NIPPON INDIA MF - NIPPON INDIA Dual Adv FTF Sr VII Pl D - O,RDAVIIPDG,NDAVIIPDG,30-Oct-19
NIPPON INDIA MF - NIPPON INDIA Dual Adv FTF Sr VIII Pl C - DP-DPO,RDAFVIIICX,NDAFVIIICX,30-Oct-19
NIPPON INDIA MF - NIPPON INDIA Dual Adv FTF Sr VIII Pl C - DPO,RDAFVIIICD,NDAFVIIICD,30-Oct-19
NIPPON INDIA MF - NIPPON INDIA Dual Adv FTF Sr X Pl A - DP-DPO,RDAXADDD,NDAXADDD,30-Oct-19
NIPPON INDIA MF - NIPPON INDIA Dual Adv FTF Sr X Pl A - DP-GO,RDAXADDG,NDAXADDG,30-Oct-19
NIPPON INDIA MF - NIPPON INDIA Dual Adv FTF Sr X Pl A - DPO,RDAXADD,NDAXADD,30-Oct-19
NIPPON INDIA MF - NIPPON INDIA Dual Adv FTF Sr X Pl A - GO,RDAXADG,NDAXADG,30-Oct-19
NIPPON INDIA MF - NIPPON INDIA Dual Adv FTF Sr X Pl D - DP-DPO,RDAXDDDD,NDAXDDDD,30-Oct-19
NIPPON INDIA MF - NIPPON INDIA Dual Adv FTF Sr X Pl D - DP-GO,RDAXDDDG,NDAXDDDG,30-Oct-19
NIPPON INDIA MF - NIPPON INDIA Dual Adv FTF Sr X Pl D - DPO,RDAXDDD,NDAXDDD,30-Oct-19
NIPPON INDIA MF - NIPPON INDIA Dual Adv FTF Sr X Pl D - GO,RDAXDDG,NDAXDDG,30-Oct-19
NIPPON INDIA MF - NIPPON INDIA Dual Adv FTF V - Pl C - DP-GO ,RDAFTVCDG,NDAFTVCDG,30-Oct-19
NIPPON INDIA MF - NIPPON INDIA Dual Adv FTF V - Pl C - DPO,RDAFTFVCD,NDAFTFVCD,30-Oct-19
NIPPON INDIA MF - NIPPON INDIA Dual Adv FTF V - Pl C - GO,RDAFTFVCG,NDAFTFVCG,30-Oct-19
NIPPON INDIA MF - NIPPON INDIA Dual Advantage FTF XI Plan C - DP - DPO,RDAXICDDD,NDAXICDDD,30-Oct-19
NIPPON INDIA MF - NIPPON INDIA Dual Advantage FTF XI Plan C - DP - GO,RDAXICDDG,NDAXICDDG,30-Oct-19
NIPPON INDIA MF - NIPPON INDIA Dual Advantage FTF XI Plan C - DPO,RDAXICDD,NDAXICDD,30-Oct-19
NIPPON INDIA MF - NIPPON INDIA Dual Advantage FTF XI Plan C - GO,RDAXICDG,NDAXICDG,30-Oct-19
NIPPON INDIA MF - NIPPON INDIA IF - AIF S-I - IDR,RMFINAIDR1,NMFINAIDR1,30-Oct-19
NIPPON INDIA MF - NIPPON INDIA Intr Fund - QIF SR I-DIV,RMFINQADP1,NMFINQADP1,30-Oct-19
NIPPON INDIA MF - NIPPON INDIA Intr Fund - QIF SR I-GRW,RMFINQRAG1,NMFINQRAG1,30-Oct-19
NIPPON INDIA MF - Nippon India DA Fixed Tenure Fund   Sr x Plan B - GO,RDAXBDG,NDAXBDG,30-Oct-19
NIPPON INDIA MF- Nippon India DA Fixed Tenure Fund Sr x Plan B - DPO,RDAXBDD,NDAXBDD,30-Oct-19
NIPPON INDIA MF- Nippon India DA Fixed Tenure Fund Sr x Plan B-DP-DPO,RDAXBDDD,NDAXBDDD,30-Oct-19
NIPPON INDIA MF-Nippon India  Dual Adv. Fix. Ten. Fund Sr.x Plan C-GO,RDAXCDG,NDAXCDG,30-Oct-19
NIPPON INDIA MF-Nippon India  Dual Adv. Fix.Ten. Fund Sr.x Plan C-DPO,RDAXCDD,NDAXCDD,30-Oct-19
NIPPON INDIA MF-Nippon India DA Fixed Tenure Fund Sr x Plan B -DP - GO,RDAXBDDG,NDAXBDDG,30-Oct-19
NIPPON INDIA MF-Nippon India Dual Adv.FixTen. Fund Sr.x Plan C-DP-GO,RDAXCDDG,NDAXCDDG,30-Oct-19
NIPPON INDIA MF-Nippon India DualAdv. Fix.Ten. Fund Sr.x Plan C-DP-DPO,RDAXCDDD,NDAXCDDD,30-Oct-19
NIPPON INDIA MUTUAL FUND  - NIPPON INDIA DA-FTF IV-P-C-D,RDAFTFIVCD,NDAFTFIVCD,30-Oct-19
NIPPON INDIA MUTUAL FUND  - NIPPON INDIA DA-FTF IV-P-C-DD,RDAFTIVCDD,NDAFTIVCDD,30-Oct-19
NIPPON INDIA MUTUAL FUND  - NIPPON INDIA DA-FTF IV-P-C-DG,RDAFTIVCDG,NDAFTIVCDG,30-Oct-19
NIPPON INDIA MUTUAL FUND  - NIPPON INDIA DA-FTF IV-P-C-G,RDAFTFIVCG,NDAFTFIVCG,30-Oct-19
NIPPON INDIA MUTUAL FUND  - NIPPON INDIA DAFTF II - P - G - DP,RDAFTIIPGD,NDAFTIIPGD,30-Oct-19
NIPPON INDIA MUTUAL FUND  - NIPPON INDIA DAFTF II - P - G - Growth,RDAFTIIPGG,NDAFTIIPGG,30-Oct-19
NIPPON INDIA MUTUAL FUND  - NIPPON INDIA Dual Ad FTF XI Plan A - GO,RDAXIADG,NDAXIADG,30-Oct-19
NIPPON INDIA MUTUAL FUND  - NIPPON INDIA Dual Ad FTF XI Plan D-DPDPO,RDAXIDDDD,NDAXIDDDD,30-Oct-19
NIPPON INDIA MUTUAL FUND  - NIPPON INDIA Dual Ad FTF XI Plan D-DPGO,RDAXIDDDG,NDAXIDDDG,30-Oct-19
NIPPON INDIA MUTUAL FUND  - NIPPON INDIA Dual Ad FTF XI Plan D-GO,RDAXIDDG,NDAXIDDG,30-Oct-19
NIPPON INDIA MUTUAL FUND  - NIPPON INDIA Dual Ad FTF XII Plan A-DPDPO,RDAXIIADDD,NDAXIIADDD,30-Oct-19
NIPPON INDIA MUTUAL FUND - NIPPON INDIA Dual Ad FTF V- Plan H - DPDPO,RDAFDVHDR,NDAFDVHDR,30-Oct-19
NIPPON INDIA MUTUAL FUND - NIPPON INDIA Dual Ad FTF V- Plan H - DPGO,RDAFDVHGR,NDAFDVHGR,30-Oct-19
NIPPON INDIA MUTUAL FUND - NIPPON INDIA Dual Ad FTF V- Plan H - DPO,RDAFTVHDR,NDAFTVHDR,30-Oct-19
NIPPON INDIA MUTUAL FUND - NIPPON INDIA Dual Ad FTF V- Plan H - GO,RDAFTVHGR,NDAFTVHGR,30-Oct-19
NIPPON INDIA MUTUAL FUND - NIPPON INDIA Dual Ad FTF XI Plan A - DPDPO,RDAXIADDD,NDAXIADDD,30-Oct-19
NIPPON INDIA MUTUAL FUND - NIPPON INDIA Dual Ad FTF XI Plan A - DPGO,RDAXIADDG,NDAXIADDG,30-Oct-19
NIPPON INDIA MUTUAL FUND - NIPPON INDIA Dual Ad FTF XI Plan A - DPO,RDAXIADD,NDAXIADD,30-Oct-19
NIPPON INDIA MUTUAL FUND - NIPPON INDIA Dual Ad Fixed Tenure Fund Seri,RDAXFDDD,NDAXFDDD,30-Oct-19
NIPPON INDIA MUTUAL FUND -NIPPON INDIA Dual Ad Fixed Tenure Fund  Seri,RDAXFDD,NDAXFDD,30-Oct-19
NIPPON INDIA MUTUAL FUND -NIPPON INDIA Dual Ad Fixed Tenure Fund XI (P,RDAXIEDG,NDAXIEDG,30-Oct-19
NIPPON INDIA MUTUAL FUND- NIPPON INDIA Dual Ad FTF XI Plan D-DPO,RDAXIDDD,NDAXIDDD,30-Oct-19
NIPPON INDIA MUTUAL FUND- NIPPON INDIA Dual Ad FTF XI Sr XI Plan B-DPO,RDAXIBDD,NDAXIBDD,30-Oct-19
NIPPON INDIA MUTUAL FUND- NIPPON INDIA Dual Ad FTF XI SrXI Plan B-DPGO,RDAXIBDDG,NDAXIBDDG,30-Oct-19
NIPPON INDIA MUTUAL FUND- NIPPON INDIA Dual Ad FTF XII Plan A-DPGO,RDAXIIADDG,NDAXIIADDG,30-Oct-19
NIPPON INDIA MUTUAL FUND- NIPPON INDIA Dual Ad FTF XII Plan A-DPO,RDAXIIADD,NDAXIIADD,30-Oct-19
NIPPON INDIA MUTUAL FUND- NIPPON INDIA Dual Ad FTF XII Plan A-GO,RDAXIIADG,NDAXIIADG,30-Oct-19
NIPPON INDIA MUTUAL FUND- NIPPON INDIA Dual Ad Fixed Tenure Fund  Seri,RDAXFDDG,NDAXFDDG,30-Oct-19
NIPPON INDIA MUTUAL FUND- NIPPON INDIA Dual Ad Fixed Tenure Fund  Seri,RDAXFDG,NDAXFDG,30-Oct-19
NIPPON INDIA MUTUAL FUND- NIPPON INDIA Dual Ad Fixed Tenure Fund V- Pl,RDAFVGGO,NDAFVGGO,30-Oct-19
NIPPON INDIA MUTUAL FUND- NIPPON INDIA Dual Ad Fixed Tenure Fund V- Pl,RDAFVGDO,NDAFVGDO,30-Oct-19
NIPPON INDIA MUTUAL FUND- NIPPON INDIA Dual Ad Fixed Tenure Fund V- Pl,RDAFVGDG,NDAFVGDG,30-Oct-19
NIPPON INDIA MUTUAL FUND- NIPPON INDIA Dual Ad Fixed Tenure Fund V- Pl,RDAFVGDD,NDAFVGDD,30-Oct-19
NIPPON INDIA MUTUAL FUND- NIPPON INDIA Dual Ad Fixed Tenure Fund XI (P,RDAXIEDDG,NDAXIEDDG,30-Oct-19
NIPPON INDIA MUTUAL FUND- NIPPON INDIA Dual Ad Fixed Tenure Fund XI (P,RDAXIEDD,NDAXIEDD,30-Oct-19
NIPPON INDIA MUTUAL FUND- NIPPON INDIA Dual Ad Fixed Tenure Fund XI (P,RDAXIEDDD,NDAXIEDDD,30-Oct-19
NIPPON INDIA MUTUAL FUND- NIPPON INDIA Int.Fund-QIF-SI-IP-DP-DPO,RMFINQIDP1,NMFINQIDP1,30-Oct-19
NIPPON INDIA MUTUAL FUND-NIPPON INDIA Dual Ad FTF XI Sr XI Plan B - GO,RDAXIBDG,NDAXIBDG,30-Oct-19
NIPPON INDIA MUTUAL FUND-NIPPON INDIA Dual Ad FTF XI SrXI Plan B-DPDPO,RDAXIBDDD,NDAXIBDDD,30-Oct-19
NIPPON INDIA MUTUAL FUND-NIPPON INDIA Int. Fund-AIF-SI - RP- DP - RO,RMFINARDR1,NMFINARDR1,30-Oct-19
NIPPON INDIA MUTUAL FUND-NIPPON INDIA Int. Fund-QIF-SI-RP-DP-DPO,RMFINQRDP1,NMFINQRDP1,30-Oct-19
GB Global Limited,MIL,GBGLOBAL,09-Sep-19
Tata Steel Long Products Limited,TATASPONGE,TATASTLLP,03-Sep-19
DiGiSPICE Technologies Limited,SPICEMOBI,DIGISPICE,28-Aug-19
PGIM India Dual Advantage Fund - Series 1 - DPG,DPRMDAD1,PGIMDAD1G,22-Aug-19
PGIM India Dual Advantage Fund - Series 1 - DPQDPO,DPRMDAD3,PGIMDAD3D,22-Aug-19
PGIM India Dual Advantage Fund - Series 1 - DPRDPO,DPRMDAD2,PGIMDAD2D,22-Aug-19
PGIM India Dual Advantage Fund - Series 1 - RPADPO,DPRMDAAD,PGIMDAADD,22-Aug-19
PGIM India Dual Advantage Fund - Series 1 - RPG,DPRMDAGP,PGIMDAGPG,22-Aug-19
PGIM India Dual Advantage Fund - Series 1 - RPQDPO,DPRMDAQD,PGIMDAQDD,22-Aug-19
PGIM India Dual Advantage Fund - Series 1 - RPRDPO,DPRMDADP,PGIMDADPD,22-Aug-19
PGIM India Fixed Duration Fund - Series 31 - DPG,PRM1SD1,PGIM1SD1G,22-Aug-19
PGIM India Fixed Duration Fund - Series 31 - RPDPO,PRM1SDP,PGIM1SDPD,22-Aug-19
PGIM India Fixed Duration Fund - Series 31 - RPG,PRM1SGP,PGIM1SGPG,22-Aug-19
PGIM India Fixed Duration Fund - Series AA - DPG,DPRMAAD1,PGIMAAD1G,22-Aug-19
PGIM India Fixed Duration Fund - Series AA - DPQDPO,DPRMAAD3,PGIMAAD3D,22-Aug-19
PGIM India Fixed Duration Fund - Series AA - RPADPO,DPRMAAAD,PGIMAAADD,22-Aug-19
PGIM India Fixed Duration Fund - Series AA - RPG,DPRMAAGP,PGIMAAGPG,22-Aug-19
PGIM India Fixed Duration Fund - Series AA - RPQDPO,DPRMAAQD,PGIMAAQDD,22-Aug-19
PGIM India Fixed Duration Fund - Series AB - DPG,DPRMABD1,PGIMABD1G,22-Aug-19
PGIM India Fixed Duration Fund - Series AB - RPADPO,DPRMABAD,PGIMABADD,22-Aug-19
PGIM India Fixed Duration Fund - Series AB - RPG,DPRMABGP,PGIMABGPG,22-Aug-19
PGIM India Fixed Duration Fund - Series AB - RPQDPO,DPRMABQD,PGIMABQDD,22-Aug-19
PGIM India Fixed Duration Fund - Series AB - RPRDPO,DPRMABDP,PGIMABDPD,22-Aug-19
PGIM India Fixed Duration Fund - Series AC - DPADPO,DPRMACD4,PGIMACD4D,22-Aug-19
PGIM India Fixed Duration Fund - Series AC - DPG,DPRMACD1,PGIMACD1G,22-Aug-19
PGIM India Fixed Duration Fund - Series AC - DPRDPO,DPRMACD2,PGIMACD2D,22-Aug-19
PGIM India Fixed Duration Fund - Series AC - RPADPO,DPRMACAD,PGIMACADD,22-Aug-19
PGIM India Fixed Duration Fund - Series AC - RPG,DPRMACGP,PGIMACGPG,22-Aug-19
PGIM India Fixed Duration Fund - Series AC - RPQDPO,DPRMACQD,PGIMACQDD,22-Aug-19
PGIM India Fixed Duration Fund - Series AC - RPRDPO,DPRMACDP,PGIMACDPD,22-Aug-19
PGIM India Fixed Duration Fund - Series AE - DPADPO,DPRMAED4,PGIMAED4D,22-Aug-19
PGIM India Fixed Duration Fund - Series AE - DPG,DPRMAED1,PGIMAED1G,22-Aug-19
PGIM India Fixed Duration Fund - Series AE - RPADPO,DPRMAEAD,PGIMAEADD,22-Aug-19
PGIM India Fixed Duration Fund - Series AE - RPG,DPRMAEGP,PGIMAEGPG,22-Aug-19
PGIM India Fixed Duration Fund - Series AE - RPRDPO,DPRMAEDP,PGIMAEDPD,22-Aug-19
PGIM India Fixed Duration Fund - Series AF - DPADPO,DPRMFAD4,PGIMFAD4D,22-Aug-19
PGIM India Fixed Duration Fund - Series AF - DPG,DPRMFAD1,PGIMFAD1G,22-Aug-19
PGIM India Fixed Duration Fund - Series AF - RPADPO,DPRMFAAD,PGIMFAADD,22-Aug-19
PGIM India Fixed Duration Fund - Series AF - RPG,DPRMFAGP,PGIMFAGPG,22-Aug-19
PGIM India Fixed Duration Fund - Series AF - RPQDPO,DPRMFAQD,PGIMFAQDD,22-Aug-19
PGIM India Fixed Duration Fund - Series AG - DPG,DPRMAGD1,PGIMAGD1G,22-Aug-19
PGIM India Fixed Duration Fund - Series AG - RPG,DPRMAGGP,PGIMAGGPG,22-Aug-19
PGIM India Fixed Duration Fund - Series AH - DPADPO,DPRMAHD4,PGIMAHD4D,22-Aug-19
PGIM India Fixed Duration Fund - Series AH - DPG,DPRMAHD1,PGIMAHD1G,22-Aug-19
PGIM India Fixed Duration Fund - Series AH - DPQDPO,DPRMAHD3,PGIMAHD3D,22-Aug-19
PGIM India Fixed Duration Fund - Series AH - RPADPO,DPRMAHAD,PGIMAHADD,22-Aug-19
PGIM India Fixed Duration Fund - Series AH - RPG,DPRMAHGP,PGIMAHGPG,22-Aug-19
PGIM India Fixed Duration Fund - Series AH - RPQDPO,DPRMAHQD,PGIMAHQDD,22-Aug-19
PGIM India Fixed Duration Fund - Series AP - DPG,DPRMAPD1G,PGIMAPD1G,22-Aug-19
PGIM India Fixed Duration Fund - Series AP - RPG,DPRMAPGPG,PGIMAPGPG,22-Aug-19
PGIM India Fixed Duration Fund - Series AP - RPSDPO,DPRMAPDPD,PGIMAPDPD,22-Aug-19
PGIM India Fixed Duration Fund - Series AQ - DPG,DPRMAQD1G,PGIMAQD1G,22-Aug-19
PGIM India Fixed Duration Fund - Series AQ - DPSDPO,DPRMAQD2D,PGIMAQD2D,22-Aug-19
PGIM India Fixed Duration Fund - Series AQ - RPG,DPRMAQGPG,PGIMAQGPG,22-Aug-19
PGIM India Fixed Duration Fund - Series AR - DPG,DPRMARD1G,PGIMRAD1G,22-Aug-19
PGIM India Fixed Duration Fund - Series AR - RPG,DPRMARGPG,PGIMRAGPG,22-Aug-19
PGIM India Fixed Duration Fund - Series AR - RPQDPO,DPRMARQDD,PGIMRAQDD,22-Aug-19
PGIM India Fixed Duration Fund - Series AR - RPSDPO,DPRMARDPD,PGIMRADPD,22-Aug-19
PGIM India Fixed Duration Fund - Series AT - DPG,DPRMATD1G,PGIMATD1G,22-Aug-19
PGIM India Fixed Duration Fund - Series AT - RPG,DPRMATGPG,PGIMATGPG,22-Aug-19
PGIM India Fixed Duration Fund - Series AT - RPQDPO,DPRMATQDD,PGIMATQDD,22-Aug-19
PGIM India Fixed Duration Fund - Series AT - RPSDPO,DPRMATDPD,PGIMATDPD,22-Aug-19
PGIM India Fixed Duration Fund - Series AU - DPG,DPRMAUD1G,PGIMAUD1G,22-Aug-19
PGIM India Fixed Duration Fund - Series AU - RPG,DPRMAUGPG,PGIMAUGPG,22-Aug-19
PGIM India Fixed Duration Fund - Series AU - RPQDPO,DPRMAUQDD,PGIMAUQDD,22-Aug-19
PGIM India Fixed Duration Fund - Series AU - RPSDPO,DPRMAUDPD,PGIMAUDPD,22-Aug-19
PGIM India Fixed Duration Fund - Series AY - DPG,DPRMAYD1G,PGIMAYD1G,22-Aug-19
PGIM India Fixed Duration Fund - Series AY - RPG,DPRMAYGPG,PGIMAYGPG,22-Aug-19
PGIM India Fixed Duration Fund - Series AZ - DPG,DPRMAZD1G,PGIMAZD1G,22-Aug-19
PGIM India Fixed Duration Fund - Series AZ - RPG,DPRMAZGPG,PGIMAZGPG,22-Aug-19
PGIM India Fixed Duration Fund - Series AZ - RPSDPO,DPRMAZDPD,PGIMAZDPD,22-Aug-19
PGIM India Fixed Duration Fund - Series BA - DPG,DPRMBAD1G,PGIMBAD1G,22-Aug-19
PGIM India Fixed Duration Fund - Series BA - RPG,DPRMBAGPG,PGIMBAGPG,22-Aug-19
PGIM India Fixed Duration Fund - Series BA - RPQDPO,DPRMBAQDD,PGIMBAQDD,22-Aug-19
PGIM India Fixed Duration Fund - Series BA - RPSDPO,DPRMBADPD,PGIMBADPD,22-Aug-19
PGIM India Fixed Duration Fund - Series BB - DPG,DPRMBBD1G,PGIMBBD1G,22-Aug-19
PGIM India Fixed Duration Fund - Series BB - RPG,DPRMBBGPG,PGIMBBGPG,22-Aug-19
PGIM India Fixed Duration Fund - Series BB - RPQDPO,DPRMBBQDD,PGIMBBQDD,22-Aug-19
PGIM India Fixed Duration Fund - Series BB - RPSDPO,DPRMBBDPD,PGIMBBDPD,22-Aug-19
PGIM India Fixed Duration Fund - Series BC - DPG,DPRMBCD1G,PGIMBCD1G,22-Aug-19
PGIM India Fixed Duration Fund - Series BC - DPSDT,DPRMBCD2S,PGIMBCD2S,22-Aug-19
PGIM India Fixed Duration Fund - Series BC - RPG,DPRMBCGPG,PGIMBCGPG,22-Aug-19
PGIM India Fixed Duration Fund - Series BC - RPQDPO,DPRMBCQDD,PGIMBCQDD,22-Aug-19
PGIM India Fixed Duration Fund - Series BC - RPSDPO,DPRMBCDPD,PGIMBCDPD,22-Aug-19
PGIM India Fixed Duration Fund - Series BE - DPG,DPRMBED1G,PGIMBED1G,22-Aug-19
PGIM India Fixed Duration Fund - Series BE - RPG,DPRMBEGPG,PGIMBEGPG,22-Aug-19
PGIM India Fixed Duration Fund - Series BE - RPQDPO,DPRMBEQDD,PGIMBEQDD,22-Aug-19
PGIM India Fixed Duration Fund - Series BE - RPSDPO,DPRMBEDPD,PGIMBEDPD,22-Aug-19
PGIM India Large Cap Fund Series 2 - DPDPO,DWSLCFS2DD,PGIMC6D2D,22-Aug-19
PGIM India Large Cap Fund Series 2 - DPG,DWSLCFS2DG,PGIMC6D1G,22-Aug-19
PGIM India Large Cap Fund Series 2 - RPDPO,DWSLCFS2RD,PGIMC6DPD,22-Aug-19
PGIM India Large Cap Fund Series 2 - RPG,DWSLCFS2RG,PGIMC6GPG,22-Aug-19
FORCE MOTORS LTD,BAJAJTEMPO,FORCEMOT,19-Aug-19
Kennametal India Limited,WIDIA,KENNAMET,19-Aug-19
SPICEJET LTD,MODILUFT,SPICEJET,19-Aug-19
Setubandhan Infrastructure Limited,PRAKASHCON,SETUINFRA,30-Jul-19
GFL Limited,GUJFLUORO,GFLLIMITED,25-Jul-19
ICICI Prudential Bank ETF Nifty Bank Index,IPRU5008,ICICIBANKN,19-Jul-19
Procter & Gamble Health Limited,MERCK,PGHL,11-Jun-19
Baba Agro Food Limited,SKML,BABAFOOD,27-May-19
Keynote Financial Services Limited,KEYCORPSER,KEYFINSERV,03-May-19
Expleo Solutions Limited,SQSBFSI,EXPLEOSOL,02-May-19
Cholamandalam Financial Holdings Limited,TIFIN,CHOLAHLDNG,09-Apr-19
Renaissance Global Limited,RJL,RGL,08-Apr-19
BIRLASOFT LIMITED,KPIT,BSOFT,26-Feb-19
IDFC First Bank Limited,IDFCBANK,IDFCFIRSTB,16-Jan-19
Bajaj Consumer Care Limited,BAJAJCORP,BAJAJCON,15-Jan-19
Dhunseri Ventures Limited,DPL,DVL,02-Jan-19
Tata Steel Bsl Limited,BHUSANSTL,TATASTLBSL,10-Dec-18
Emami Realty Limited,EMAMIINFRA,EMAMIREAL,15-Nov-18
Ksb Limited,KSBPUMPS,KSB,23-Oct-18
Inspirisys Solutions Limited,AFL,INSPIRISYS,12-Oct-18
Brightcom Group Limited,LYCOS,BCG,08-Oct-18
Garware Technical Fibres Limited,GARWALLROP,GARFIBRES,13-Aug-18
Olectra Greentech Limited,GOLDINFRA,OLECTRA,26-Jul-18
The Investment Trust Of India Limited,FORTUNEFIN,THEINVEST,25-Jul-18
Proseed India Limited,GREENFIRE,PROSEED,18-Jul-18
Yaari Digital Integrated Services Limited,SORILHOLD,IBULISL,08-Jun-18
Pitti Engineering Limited,PITTILAM,PITTIENG,06-Jun-18
3P Land Holdings Limited,PDUMJEIND,3PLAND,04-May-18
Prism Johnson Limited,PRISMCEM,PRSMJOHNSN,04-May-18
Jtekt India Limited,SONASTEER,JTEKTINDIA,23-Apr-18
Adroit Infotech Limited,SPHEREGSL,ADROITINFO,19-Apr-18
ICICI Prudential Mutual Fund - BHARAT 22 ETF,BHARATIWIN,ICICIB22,19-Apr-18
Sri Havisha Hospitality and Infrastructure Limited,SHAKTIGAS,HAVISHA,12-Apr-18
ICICI Prudential Gold ETF,GOLDIWIN,ICICIGOLD,10-Apr-18
ICICI Prudential Midcap Select ETF,MIDCAPIWIN,ICICIMCAP,10-Apr-18
ICICI Prudential NV20 ETF,NV20IWIN,ICICINV20,10-Apr-18
ICICI Prudential Nifty 100 ETF,NIF100IWIN,ICICINF100,10-Apr-18
ICICI Prudential Nifty ETF,NIFTYIWIN,ICICINIFTY,10-Apr-18
ICICI Prudential Nifty Low Vol 30 ETF,LOWVOLIWIN,ICICILOVOL,10-Apr-18
ICICI Prudential Sensex ETF,SENSEXIWIN,ICICISENSX,10-Apr-18
Paisalo Digital Limited,SEINV,PAISALO,24-Jan-18
Amj Land Holdings Limited,PDUMJEPULP,AMJLAND,19-Jan-18
Tirupati Forge Limited,FORGE,TIRUPATIFL,15-Jan-18
Mohota Industries Limited,MOHOTAMILL,MOHOTAIND,26-Dec-17
Bkm Industries Limited,MANAKINDST,BKMINDST,23-Nov-17
NACL Industries Limited,NAGAAGRI,NACLIND,29-Sep-17
BALAXI PHARMACEUTICALS LIMITED,ANANDAMRUB,BALAXI,27-Sep-17
Reliance Naval and Engineering Limited,RDEL,RNAVAL,18-Sep-17
Aventus Buildcon Limited,RATNAINFRA,AVENTUS,03-Aug-17
Mohota Industries Limited,RAIREKMOH,MOHOTAMILL,01-Aug-17
Schaeffler India Limited,FAGBEARING,SCHAEFFLER,01-Aug-17
LEEL Electricals Limited,LLOYDELENG,LEEL,19-Jun-17
Fedders Electric and Engineering Limited,FEDDERLOYD,FEDDERELEC,13-Jun-17
Hitech Corporation Limited,HITECHPLAS,HITECHCORP,23-May-17
Yaari Digital Integrated Services Limited,IBWSL,SORILHOLD,18-Apr-17
CG Power and Industrial Solutions Limited,CROMPGREAV,CGPOWER,08-Mar-17
Geojit Financial Services Limited,GEOJITBNPP,GEOJITFSL,02-Mar-17
Vidhi Specialty Food Ingredients Limited,VIDHIDYE,VIDHIING,01-Mar-17
Neueon Towers Limited,SUJANATWR,NTL,17-Feb-17
63 moons technologies limited,FINANTECH,63MOONS,19-Jan-17
Privi Speciality Chemicals Limited,ADI,FAIRCHEM,19-Jan-17
SORIL Infra Resources Limited,STOREONE,SORILINFRA,10-Jan-17
VIP Clothing Limited,MAXWELL,VIPCLOTHNG,21-Dec-16
Arvind SmartSpaces Limited,ARVINFRA,ARVSMART,05-Dec-16
Edelweiss Fixed Maturity Plan - Series 14 - DP-GO,JD14G,ED14G,28-Nov-16
Edelweiss Fixed Maturity Plan - Series 14 - Direct Plan - Dividend,JD14D,ED14D,28-Nov-16
Edelweiss Fixed Maturity Plan - Series 14 - Regular Plan - Dividend,JP14D,E14D,28-Nov-16
Edelweiss Fixed Maturity Plan - Series 14 - Regular Plan - Growth,JP14G,E14G,28-Nov-16
Edelweiss Fixed Maturity Plan - Series 20 - Direct Plan - Dividend,JD20D,ED20D,28-Nov-16
Edelweiss Fixed Maturity Plan - Series 20 - Direct Plan - Growth,JD20G,ED20G,28-Nov-16
Edelweiss Fixed Maturity Plan - Series 20 - Regular Plan - Dividend,JP20D,E20D,28-Nov-16
Edelweiss Fixed Maturity Plan - Series 20 - Regular Plan - Growth,JP20G,E20G,28-Nov-16
Edelweiss Fixed Maturity Plan - Series 35 - Direct Plan - Growth,JD35G,ED35G,28-Nov-16
Edelweiss Fixed Maturity Plan - Series 35 - Regular Plan - Dividend,JP35D,E35D,28-Nov-16
Edelweiss Fixed Maturity Plan - Series 35 - Regular Plan - Growth,JP35G,E35G,28-Nov-16
Edelweiss Fixed Maturity Plan - Series 37 - Direct Plan - Growth,JD37G,ED37G,28-Nov-16
Edelweiss Fixed Maturity Plan - Series 37 - Regular Plan - Dividend,JP37D,E37D,28-Nov-16
Edelweiss Fixed Maturity Plan - Series 37 - Regular Plan - Growth,JP37G,E37G,28-Nov-16
Edelweiss Fixed Maturity Plan - Series 38 - Direct Plan - Growth,JD38G,ED38G,28-Nov-16
Edelweiss Fixed Maturity Plan - Series 38 - Regular Plan - Dividend,JP38D,E38D,28-Nov-16
Edelweiss Fixed Maturity Plan - Series 38 - Regular Plan - Growth,JP38G,E38G,28-Nov-16
Edelweiss Fixed Maturity Plan - Series 40 - Direct Plan - Growth,JD40G,ED40G,28-Nov-16
Edelweiss Fixed Maturity Plan - Series 40 - Regular Plan - Dividend,JP40D,E40D,28-Nov-16
Edelweiss Fixed Maturity Plan - Series 40 - Regular Plan - Growth,JP40G,E40G,28-Nov-16
Edelweiss Fixed Maturity Plan - Series 502 - Dividend Option,J502D,E502D,28-Nov-16
Edelweiss Fixed Maturity Plan - Series 502 - Growth Option,J502G,E502G,28-Nov-16
Edelweiss Income Fund - Series 501 - Dividend,J501D,E501D,28-Nov-16
Edelweiss Income Fund - Series 501 - Growth,J501G,E501G,28-Nov-16
Sastasundar Ventures Limited,MICROSEC,SASTASUNDR,22-Nov-16
Future Consumer Limited,FCEL,FCONSUMER,25-Oct-16
Birla Cable Limited,BIRLAERIC,BIRLACABLE,26-Sep-16
Sovereign Gold Bonds 2.75% NOV 2023 Tr-I,GBNOV23,SBNOV23,15-Sep-16
Sovereign Gold Bonds 2.75% NOV 2023 Tr-I,SBNOV23,SGBNOV23,15-Sep-16
GE Power India Limited,AIL,GEPIL,14-Sep-16
GE T&D India Limited,ALSTOMT&D,GET&D,14-Sep-16
Johnson Controls - Hitachi Air Conditioning India Limited,HITACHIHOM,JCHAC,12-Sep-16
Balkrishna Paper Mills Limited,NIRVIKARA,BALKRISHNA,06-Sep-16
Siti Networks Limited,SITICABLE,SITINET,17-Aug-16
Himadri Speciality Chemical Limited,HCIL,HSCL,16-Aug-16
NLC India Limited,NEYVELILIG,NLCINDIA,04-Aug-16
ICICI Prudential Gold ETF,IGOLD,GOLDIWIN,25-Jul-16
ICICI Prudential Midcap Select ETF,IMIDCAP,MIDCAPIWIN,25-Jul-16
ICICI Prudential NV20 ETF,INV20,NV20IWIN,25-Jul-16
ICICI Prudential Nifty 100 ETF,ICNX100,NIF100IWIN,25-Jul-16
ICICI Prudential Nifty ETF,INIFTY,NIFTYIWIN,25-Jul-16
ICICI Prudential Sensex ETF,ISENSEX,SENSEXIWIN,25-Jul-16
NIPPON INDIA ETF LONG TERM GILT,RRSLGETF,NETFLTGILT,08-Jul-16
Bharat Financial Inclusion Limited,SKSMICRO,BHARATFIN,01-Jul-16
Invesco India Gold Exchange Traded Fund,RELIGAREGO,IVZINGOLD,23-Jun-16
Invesco India Nifty Exchange Traded Fund,RELGRNIFTY,IVZINNIFTY,23-Jun-16
Invesco MF – Invesco India AIF - Sr 1 - Pl B - DS-P-GO,RIMFAI1BDG,IVZINA1BDG,23-Jun-16
Invesco MF – Invesco India AIF - Sr 1 - Pl B - RS-P-GO,RIMFAI1BRG,IVZINA1BRG,23-Jun-16
Future Enterprises Limited,FRL,FEL,13-May-16
Future Enterprises Limited,FRLDVR,FELDVR,13-May-16
Arrow Greentech Limited,ARROWCOAT,ARROWGREEN,11-May-16
Ducon Infratechnologies Limited,DYNATECH,DUCON,11-May-16
INEOS Styrolution India Limited,STYABS,INEOSSTYRO,04-Apr-16
Kamdhenu Limited,KIL,KAMDHENU,18-Mar-16
Reliance Naval and Engineering Limited,PIPAVAVDOC,RDEL,18-Mar-16
Bharati Defence and Infrastructure Limited,BHARTISHIP,BHARATIDIL,26-Feb-16
Max Financial Services Limited,MAX,MFSL,26-Feb-16
AYM Syntex Limited,WELSYNTEX,AYMSYNTEX,03-Feb-16
Aditya Birla Fashion and Retail Limited,PFRL,ABFRL,29-Jan-16
LIC MF - LIC MF EXCHANGE TRADED FUND - NIFTY 50,LICNFENGP,LICNETFN50,30-Dec-15
LIC MF - LIC MF G-sec LT ETF - GO,LICNMFET,LICNETFGSC,30-Dec-15
LIC Mutual Fund - LIC MF EXCHANGE TRADED FUND - SENSEX,LICNFESGP,LICNETFSEN,30-Dec-15
Kotak Mahindra MF - Kotak NV 20 ETF - DPO,KTKNV20ETF,KOTAKNV20,21-Dec-15
Orchid Pharma Limited,ORCHIDCHEM,ORCHIDPHAR,21-Dec-15
Vikas EcoTech Limited,VIKASGLOB,VIKASECO,21-Dec-15
SBI-ETF Gold,SBIGETS,SETFGOLD,24-Nov-15
SBI-ETF Nifty 50,SETFNIFTY,SETFNIF50,24-Nov-15
SBI-ETF Nifty Bank,SETFBANK,SETFNIFBK,24-Nov-15
SBI-ETF Nifty Next 50,SETFNIFJR,SETFNN50,24-Nov-15
GOCL Corporation Limited,GULFCORP,GOCLCORP,10-Nov-15
SVOGL Oil Gas And Energy Limited,SHIV-VANI,SVOGL,23-Oct-15
Adroit Infotech Limited,COLORCHIPS,SPHEREGSL,13-Oct-15
PIL ITALICA LIFESTYLE LIMITED,PILIND,PILITA,03-Sep-15
Welspun Enterprises Limited,WELPROJ,WELENT,24-Jun-15
NIPPON INDIA ETF NV20,RELNV20,NETFNV20,22-Jun-15
Castex Technologies Limited,AMTEKINDIA,CASTEXTECH,11-Jun-15
Metalyst Forgings Limited,AHMEDFORGE,METALFORGE,01-Jun-15
IZMO Limited,LOGIXMICRO,IZMO,15-May-15
Vedanta Limited,SSLT,VEDL,07-May-15
GP Petroleums Limited,SAHPETRO,GULFPETRO,06-May-15
Excel Realty N Infra Limited,EXCELINFO,EXCEL,05-May-15
Dhani Services Limited,IBSEC,IBVENTURES,01-Apr-15
E-Land Apparel Limited,MUDRA,ELAND,13-Mar-15
A2Z Infra Engineering Limited,A2ZMES,A2ZINFRA,31-Dec-14
Srikalahasthi Pipes Limited,LANCOIN,SRIPIPES,17-Dec-14
RattanIndia Enterprises Limited,IBIPL,RTNINFRA,20-Nov-14
RattanIndia Power Limited,IBPOW,RTNPOWER,20-Nov-14
Surana Solar Limited,SURANAVEL,SURANASOL,19-Nov-14
Dhunseri Ventures Limited,DPTL,DPL,12-Nov-14
Techindia Nirman Limited,NATHSEED,TECHIN,31-Oct-14
Crest Ventures Limited,SHARRESLTD,CREST,16-Oct-14
AXISCADES Technologies Limited,AXIS-IT&T,AXISCADES,08-Oct-14
Prozone Intu Properties Limited,PROZONECSC,PROZONINTU,07-Oct-14
Expleo Solutions Limited,THINKSOFT,SQSBFSI,30-Sep-14
DiGiSPICE Technologies Limited,SMOBILITY,SPICEMOBI,19-Aug-14
ICICI Prudential Sensex ETF,SPICE,ISENSEX,18-Aug-14
Noesis Industries Limited,MVLIND,NOESISIND,04-Jun-14
Cyient Limited,INFOTECENT,CYIENT,22-May-14
Dalmia Refractories Limited,SHRINATRAJ,DALMIAREF,22-May-14
ICICI Prudential Gold ETF,IPGETF,IGOLD,05-May-14
ICICI Prudential Nifty 100 ETF,ICCNX100,ICNX100,05-May-14
ICICI Prudential Nifty ETF,NIFETF,INIFTY,05-May-14
SKIL Infrastructure Limited,HORIZONINF,SKIL,24-Mar-14
DCM Shriram Limited,DCMSRMCONS,DCMSHRIRAM,13-Mar-14
IIFL Finance Limited,INDIAINFO,IIFL,13-Mar-14
Shri Aster Silicates Limited,ASTERSILI,SHRIASTER,03-Feb-14
ANDHRA PAPER LIMITED,APPAPER,IPAPPM,21-Jan-14
Palred Technologies Limited,FOURSOFT,PALRED,16-Jan-14
DCB Bank Limited,DCB,DCBBANK,15-Jan-14
Mahindra CIE Automotive Limited,MAHINDFORG,MAHINDCIE,17-Dec-13
ICICI Prudential MF - ICICI Prudential IF S1 - DQDP,IPRU8112,IPRU8122,16-Dec-13
Vakrangee Limited,VAKRANSOFT,VAKRANGEE,27-Nov-13
Nandan Denim Limited,NANDANEXIM,NDL,21-Nov-13
Phoenix Lamps Limited,HALONIX,PHOENIXLL,30-Oct-13
Piramal Phytocare Limited,PIRLIFE,PIRPHYTO,23-Oct-13
UPL Limited,UNIPHOS,UPL,23-Oct-13
Future Consumer Limited,FVIL,FCEL,17-Oct-13
Vedanta Limited,SESAGOA,SSLT,04-Oct-13
The Ramco Cements Limited,MADRASCEM,RAMCOCEM,30-Sep-13
Ujaas Energy Limited,MBSWITCH,UJAAS,23-Sep-13
Navneet Education Limited,NAVNETPUBL,NAVNETEDUL,19-Sep-13
Pressman Advertising Limited,NUCENT,PRESSMN,11-Sep-13
Dr. Datson's Labs Limited,AANJANEYA,DRDATSONS,02-Sep-13
Cineline India Limited,CINEPRO,CINELINE,23-Aug-13
Rain Industries Limited,RAINCOM,RAIN,23-Aug-13
Capri Global Capital Limited,MMFSL,CGCL,05-Aug-13
JSW Holdings Limited,JINDALSWHL,JSWHL,30-Jul-13
Zee Media Corporation Limited,ZEENEWS,ZEEMEDIA,30-Jul-13
TGB Banquets And Hotels Limited,BHAGWATIHO,TGBHOTELS,31-May-13
Uttam Value Steels Limited,LLOYDSTEEL,UTTAMVALUE,29-Apr-13
Future Enterprises Limited,PRETAILDVR,FRLDVR,11-Apr-13
Future Enterprises Limited,PANTALOONR,FRL,11-Apr-13
Linde India Limited,BOC,LINDEINDIA,10-Apr-13
Shirpur Gold Refinery Limited,AGEEGOLD,SHIRPUR-G,17-Jan-13
Fidelity Mutual Fund - Fidelity Fixed Maturity Plan -SVI- Plan F - DP,FIFMPS6FD,LTFMPS6FD,14-Jan-13
L&T Fixed Maturity Plan Series - VI Plan F,FIFMPS6FG,LTFMPS6FG,14-Jan-13
L&T Fixed Maturity Plane Series - VI Plan E,FIFMPS6EG,LTFMPS6EG,14-Jan-13
L&T Fixed Maturiy Plan Series - VI Plan F,FIFMPS6ED,LTFMPS6ED,14-Jan-13
Dalmia Bharat Limited,DALMIABEL,DALMIABHA,09-Jan-13
Vaibhav Global Limited,VAIBHAVGEM,VAIBHAVGBL,24-Dec-12
Capital First Limited,FCH,CAPF,06-Dec-12
BS Limited,BSTRANSCOM,BSLIMITED,29-Nov-12
HIL Limited,HYDRBADIND,HIL,26-Oct-12
Siti Networks Limited,WWIL,SITICABLE,03-Oct-12
Zuari Global Limited,ZUARIAGRO,ZUARIGLOB,25-Sep-12
Prozone Intu Properties Limited,PROZONE,PROZONECSC,24-Sep-12
Piramal Enterprises Limited,PIRHEALTH,PEL,21-Sep-12
Tarmat Limited,ROMAN,TARMAT,12-Sep-12
Accelya Solutions India Limited,KALECONSUL,ACCELYA,06-Sep-12
Country Condo's Limited,NEOCURE,COUNCODOS,31-Aug-12
India Infoline Finance Limited,IIISL,IIFLFIN,27-Aug-12
Winsome Diamonds and Jewellery Limited,SURAJDIAMN,WINSOMEDJ,24-Jul-12
GE Power India Limited,APIL,AIL,11-Jul-12
Sanofi India Limited,AVENTIS,SANOFI,11-Jul-12
Swelect Energy Systems Limited,NUMERICPW,SWELECTES,09-Jul-12
Pearl Global Industries Limited,HOPFL,PGIL,02-Jul-12
Xchanging Solutions Limited,CAMBRIDGE,XCHANGING,25-Jun-12
INEOS Styrolution India Limited,INEABS,STYABS,20-Jun-12
Dewan Housing Finance Corporation Limited,DEWANHOUS,DHFL,22-May-12
Orient Bell Limited,ORIENTCERA,ORIENTBELL,17-Apr-12
Metkore Alloys & Industries Limited,CRONIMET,METKORE,02-Apr-12
Texmaco Infrastructure & Holdings Limited,TEXMACOLTD,TEXINFRA,20-Mar-12
GE T&D India Limited,AREVAT&D,ALSTOMT&D,12-Mar-12
Future Market Networks Limited,AGRE,FMNL,06-Mar-12
V2 Retail Limited,VISHALRET,V2RETAIL,24-Feb-12
Kokuyo Camlin Limited,CAMLIN,KOKUYOCMLN,14-Feb-12
Adani Ports and Special Economic Zone Limited,MUNDRAPORT,ADANIPORTS,17-Jan-12
Mercator Limited,MLL,MERCATOR,08-Dec-11
Hinduja Global Solutions Limited,HGSL,HGS,30-Nov-11
Career Point Limited,CPIL,CAREERP,16-Nov-11
Hubtown Limited,ACKRUTI,HUBTOWN,15-Nov-11
Stel Holdings Limited,SENTINEL,STEL,08-Nov-11
Reliance Naval and Engineering Limited,PIPAVAVYD,PIPAVAVDOC,29-Sep-11
CORE Education & Technologies Limited,COREPROTEC,COREEDUTEC,07-Sep-11
ZF Commercial Vehicle Control Systems India Limited,WABCO-TVS,WABCOINDIA,06-Sep-11
GSS Infotech Limited,GSSAMERICA,GSS,24-Aug-11
Eon Electric Limited,INDOASIFU,EONELECT,18-Aug-11
JSW ISPAT Steel Limited,ISPATIND,JSWISPAT,16-Aug-11
Hero MotoCorp Limited,HEROHONDA,HEROMOTOCO,08-Aug-11
DiGiSPICE Technologies Limited,SPICEMOBIL,SMOBILITY,26-Jul-11
TV18 Broadcast Limited,IBN18,TV18BRDCST,19-Jul-11
Infosys Limited,INFOSYSTCH,INFY,29-Jun-11
Nahar Poly Films Limited,NAHARINVST,NAHARPOLY,15-Jun-11
Next Mediaworks Limited,MID-DAY,NEXTMEDIA,15-Jun-11
Global Offshore Services Limited,GARWOFFS,GLOBOFFS,07-Jun-11
Trident Limited,ABSHEKINDS,TRIDENT,03-May-11
VTX Industries Limited,VIJAYTEX,VTXIND,04-Apr-11
Kiri Industries Limited,KIRIDYES,KIRIINDUS,28-Mar-11
Maan Aluminium Limited,MANALU,MAANALU,16-Mar-11
NCC Limited,NAGARCONST,NCC,15-Mar-11
KSS Limited,KSERAPRO,KSERASERA,07-Mar-11
Alicon Castalloy Limited,ENKEI,ALICON,04-Mar-11
Net 4 India Limited,NET4INDIA,NET4,28-Feb-11
IL&FS Engineering and Construction Company Limited,MAYTASINFR,IL&FSENGG,08-Feb-11
Shasun Pharmaceuticals Limited,SHASUNCHEM,SHASUNPHAR,28-Jan-11
SML Isuzu Limited,SWARAJMAZD,SMLISUZU,17-Jan-11
Welspun Enterprises Limited,MSKPROJ,WELPROJ,04-Jan-11
VA Tech Wabag Limited,VATECH,WABAG,15-Dec-10
XL Energy Limited,XLTELENE,XLENERGY,13-Dec-10
Oberoi Realty Limited,OBEROIREAL,OBEROIRLTY,10-Dec-10
Parrys Sugar Industries Limited,GMRINDS,PARRYSUGAR,02-Dec-10
Cura Technologies Limited,SOFTPRO,CURATECH,23-Nov-10
Dalmia Bharat Sugar and Industries Limited,DALMIACEM,DALMIASUG,30-Sep-10
Bajaj Finance Limited,BAJAUTOFIN,BAJFINANCE,29-Sep-10
Reliance Broadcast Network Limited,RMEDIA,RBN,20-Aug-10
Coral Hub Limited,VITLINFO,CORALHUB,26-Jul-10
Dhunseri Ventures Limited,DTIL,DPTL,26-Jul-10
SREI Infrastructure Finance Limited,SREINTFIN,SREINFRA,21-Jul-10
TATA CONSUMER PRODUCTS LIMITED,TATATEA,TATAGLOBAL,21-Jul-10
Sezal Glass Limited,SEJALGLASS,SEZALGLASS,14-Jul-10
Cholamandalam Investment and Finance Company Limited,CHOLADBS,CHOLAFIN,22-Jun-10
ANG Industries Limited,ANGAUTO,ANGIND,16-Jun-10
Black Box Limited,AVAYAGCL,AGCNET,08-Jun-10
Metkore Alloys & Industries Limited,GMRFER,CRONIMET,02-Jun-10
Akzo Nobel India Limited,ICI,AKZOINDIA,27-May-10
Welspun Corp Limited,WELGUJ,WELCORP,17-May-10
Ansal Properties & Infrastructure Limited,ANSALINFRA,ANSALAPI,14-May-10
SPML Infra Limited,SUBHASPROJ,SPMLINFRA,14-May-10
IL&FS Transportation Networks Limited,ILFSTRANS,IL&FSTRANS,16-Apr-10
IVRCL Assets & Holdings Limited,IVRPRIME,IVRCLAH,13-Apr-10
Zandu Realty Limited,ZANDUPHARM,ZANDUREALT,10-Mar-10
Kirloskar Electric Company Limited,KIRELECTRI,KECL,09-Mar-10
GeeCee Ventures Limited,GWALCHEM,GEECEE,05-Mar-10
Surana Telecom and Power Limited,SURANATELE,SURANAT&P,08-Feb-10
Jaiprakash Power Ventures Limited,JPHYDRO,JPPOWER,08-Jan-10
Usha Martin Education & Solutions Limited,UMITL,UMESL,07-Jan-10
GSL Nova Petrochemicals Limited,NOVA,GSLNOVA,18-Dec-09
Oriental Trimex Limited,OTL,ORIENTALTL,17-Dec-09
Ausom Enterprise Limited,COREEMBLG,AUSOMENT,01-Dec-09
SORIL Infra Resources Limited,IBRETAILS,STOREONE,26-Oct-09
Reliance MediaWorks Limited,ADLABSFILM,RELMEDIA,20-Oct-09
Coromandel International Limited,COROMNFERT,COROMANDEL,12-Oct-09
MPS Limited,MACMILLAN,MPSLTD,11-Sep-09
Aditya Birla Money Limited,APOLLOSIND,BIRLAMONEY,09-Sep-09
HSBC InvestDirect (India) Limited,INVSTSMART,HINVDIR,07-Sep-09
Savita Oil Technologies Limited,SAVITACHEM,SOTL,24-Aug-09
Smartlink Holdings Limited,D-LINK,SMARTLINK,29-Jul-09
XL Energy Limited,XLTL,XLTELENE,22-Jul-09
Hubtown Limited,AKRUTI,ACKRUTI,30-Jun-09
Ajmera Realty & Infra India Limited,SHREE,AJMERA,23-Jun-09
Geojit Financial Services Limited,GEOJIT,GEOJITBNPP,05-Jun-09
HeidelbergCement India Limited,MYSORECEM,HEIDELBERG,15-May-09
Insecticides (India) Limited,IILTD,INSECTICID,11-May-09
HSIL Limited,HINDSANIT,HSIL,27-Apr-09
Datamatics Global Services Limited,DATATECH,DATAMATICS,20-Apr-09
Solar Industries India Limited,SOLAREX,SOLARINDS,13-Apr-09
Aditya Birla Chemicals (India) Limited,BCCL,ABCIL,09-Mar-09
Phoenix Lamps Limited,PHOENIXLMP,HALONIX,09-Mar-09
Noesis Industries Limited,MEDIA,MVLIND,20-Feb-09
Fresenius Kabi Oncology Limited,DABURPHARM,FKONCO,19-Feb-09
Hinduja Global Solutions Limited,HTMTGLOBAL,HGSL,23-Jan-09
Elgi Rubber Company Limited,ELGITYRE,ELGIRUBBER,22-Dec-08
Delta Manufacturing Limited,GPELECT,DELTAMAGNT,15-Dec-08
Delta Corp Limited,ARROWGROUP,DELTACORP,11-Dec-08
Karuturi Global Limited,KNL,KGL,20-Nov-08
Jindal Stainless Limited,JSTAINLESS,JSL,23-Oct-08
Kalyani Steels Limited,KALYANISTL,KALSTEELS,21-Oct-08
Indbank Merchant Banking Services Limited,INDBANKMER,INDBANK,08-Oct-08
Geodesic Limited,GEOINFO,GEODESIC,06-Oct-08
Kingfisher Airlines Limited,AIRDECCAN,KFA,06-Oct-08
Golden Tobacco Limited,GTCIND,GOLDENTOBC,29-Sep-08
Oracle Financial Services Software Limited,I-FLEX,OFSS,18-Sep-08
Birla Corporation Limited,BIRLAJUTE,BIRLACORPN,28-Jul-08
INEOS Styrolution India Limited,LANABS,INEABS,21-Jul-08
GE T&D India Limited,AREVA,AREVAT&D,14-Jul-08
Arvind Limited,ARVINDMILL,ARVIND,07-Jul-08
GE T&D India Limited,GECALSTHOM,AREVA,30-Jun-08
Abhishek Corporation Limited,AML,ABHISHEK,26-Jun-08
PVP Ventures Limited,SOFTSOLINT,PVP,23-Jun-08
Piramal Enterprises Limited,NICOLASPIR,PIRHEALTH,19-Jun-08
SORIL Infra Resources Limited,PIRAMYDRET,IBRETAILS,09-Jun-08
Value Industries Limited,VDOCONAPPL,VALUEIND,22-May-08
Anik Industries Limited,MPGLYCEM,ANIKINDS,21-May-08
Reliance Infrastructure Limited,REL,RELINFRA,16-May-08
TV18 Broadcast Limited,GBN,IBN18,15-May-08
Piramal Glass Limited,GUJGLASS,PIRGLASS,12-May-08
Digjam Limited,BVXL,DIGJAM,28-Apr-08
Summit Securities Limited,KECINFRA,SUMMIT,21-Apr-08
EIH Associated Hotels Limited,OBERHOTEL,EIHAHOTELS,08-Apr-08
3P Land Holdings Limited,PDUMJEAGRO,PDUMJEIND,28-Mar-08
Hinduja Foundries Limited,ENNOREFO,HINDUJAFO,24-Mar-08
Bajaj Holdings & Investment Limited,BAJAJAUTO,BAJAJHLDNG,14-Mar-08
Brabourne Enterprises Limited,RPGLS,BRABOURNE,14-Mar-08
Rain Industries Limited,PRIYADCEM,RAINCOM,03-Mar-08
Shalimar Paints Limited,SHALMPAINT,SHALPAINTS,03-Mar-08
Olectra Greentech Limited,GOLDTELE,GOLDINFRA,29-Feb-08
Bosch Limited,MICO,BOSCHLTD,28-Feb-08
AMD Industries Limited,AMDMET,AMDIND,25-Feb-08
Era Infra Engineering Limited,ERACONS,ERAINFRA,25-Feb-08
Fame India Limited,SHRINGAR,FAME,25-Feb-08
Tata Communications Limited,VSNL,TATACOMM,25-Feb-08
Jayaswal Neco Industries Limited,NAGPURENG,JAYNECOIND,22-Feb-08
SKIL Infrastructure Limited,HORIZONBAT,HORIZONINF,22-Feb-08
IOL Netcom Limited,IOLB,IOLN,18-Feb-08
Supreme Tex Mart Limited,SUPREMYARN,SUPREMETEX,15-Feb-08
Genus Power Infrastructures Limited,GENUSOVERE,GENUSPOWER,14-Jan-08
Sterlite Technologies Limited,STROPTICAL,STRTECH,17-Dec-07
NXTDIGITAL LIMITED,HINDUJATMT,HINDUJAVEN,29-Nov-07
Mahindra Lifespace Developers Limited,GESCOCORP,MAHLIFE,23-Nov-07
Glodyne Technoserve Limited,PARADYNE,GLODYNE,19-Nov-07
Gulf Oil Corporation Limited,IDLCHEM,GULFOILCOR,08-Nov-07
Procter & Gamble Health Limited,EMERCK,MERCK,05-Nov-07
Nahar Poly Films Limited,NAHAREXPOT,NAHARINVST,01-Nov-07
Srikalahasthi Pipes Limited,LANCOIND,LANCOIN,28-Aug-07
Hindalco Industries Limited,HINDALC0,HINDALCO,27-Aug-07
De Nora India Limited,TITANOCOMP,DENORA,20-Aug-07
Axis Bank Limited,UTIBANK,AXISBANK,16-Aug-07
Jai Balaji Industries Limited,BALASPONGE,JAIBALAJI,10-Aug-07
Deccan Cements Limited,DECCANCEM,DECCANCE,02-Aug-07
W S Industries (I) Limited,WSIND,WSI,01-Aug-07
Ambuja Cements Limited,GUJAMBCEM,AMBUJACEM,24-Jul-07
Hindustan Unilever Limited,HINDLEVER,HINDUNILVR,19-Jul-07
Gujarat Apollo Industries Limited,GUJAPOLIND,GUJAPOLLO,06-Jul-07
Advani Hotels & Resorts (India) Limited,RAMADHOTEL,ADVANIHOTR,25-Jun-07
SIL Investments Limited,SUTLEJINDS,SILINV,21-Jun-07
Birla Power Solutions Limited,BIRLAYAMAH,BIRLAPOWER,06-Jun-07
Gujarat Apollo Industries Limited,GUJAPOLEQP,GUJAPOLIND,04-Jun-07
Chettinad Cement Corporation Limited,CHETNADCEM,CHETTINAD,17-May-07
Entegra Limited,INDUJENERT,ENTEGRA,25-Apr-07
UFLEX Limited,FLEX,UFLEX,17-Apr-07
The Madras Aluminium Company Limited,MADRASALMN,MALCO,12-Apr-07
AstraZeneca Pharma India Limited,ASTRAIDL,ASTRAZEN,10-Apr-07
Somany Ceramics Limited,SPLLTD,SOMANYCERA,21-Mar-07
Ganesh Housing Corporation Limited,GANHSGFIN,GANESHHOUC,02-Mar-07
Himadri Speciality Chemical Limited,HIMADCHEM,HCIL,02-Mar-07
Zee Entertainment Enterprises Limited,ZEETELE,ZEEL,28-Feb-07
TVS Srichakra Limited,SRICHAKTYR,TVSSRICHAK,13-Feb-07
Timken India Limited,TATATIMKEN,TIMKEN,06-Feb-07
IG Petrochemicals Limited,IGPETRO,IGPL,29-Jan-07
Sagar Cements Limited,SAGARCEM,SAGCEM,29-Jan-07
Siyaram Silk Mills Limited,SIYARSILK,SIYSIL,29-Jan-07
Nilkamal Limited,NILKAMPLST,NILKAMAL,05-Jan-07
Kesar Enterprises Limited,KESARENTER,KESARENT,02-Jan-07
Crest Ventures Limited,SHARYANRES,SHARRESLTD,27-Dec-06
Sathavahana Ispat Limited,SATHVANISP,SATHAISPAT,27-Dec-06
MphasiS Limited,MPHASISBFL,MPHASIS,26-Dec-06
Banco Products (I) Limited,BANCOPROD,BANCOINDIA,22-Dec-06
MM Forgings Limited,MMFORGINGS,MMFL,20-Dec-06
Spentex Industries Limited,SPENTXIND,SPENTEX,20-Dec-06
Blue Coast Hotels Limited,MOREPENHTL,BLUECOAST,05-Dec-06
Brabourne Enterprises Limited,SEARLEIND,RPGLS,05-Dec-06
RPG Transmission Limited,SAELTD,RPGTLTD,05-Dec-06
SI Group - India Limited,SCHENHERD,SIGROUPIND,28-Nov-06
Aftek Limited,AFTEKINFO,AFTEK,27-Nov-06
Bharat Bijlee Limited,BARATBIJLE,BBL,21-Nov-06
Apcotex Industries Limited,APCOTEXLAT,APCOTEXIND,01-Nov-06
Precot Limited,PRECOTMILL,PRECOT,01-Nov-06
Vardhman Textiles Limited,MAHAVIRSPG,VTL,11-Oct-06
Elecon Engineering Company Limited,ELECONENGG,ELECON,29-Sep-06
Adani Enterprises Limited,ADANIEXPO,ADANIENT,20-Sep-06
Aztecsoft Limited,AZTEC,AZTECSOFT,20-Sep-06
Bhagyanagar India Limited,BAGYAMETAL,BHAGYNAGAR,12-Sep-06
Federal-Mogul Goetze (India) Limited.,GOETZEIND,FMGOETZE,12-Sep-06
RSWM Limited,RAJASSPG,RSWM,01-Sep-06
Wyeth Limited,WYETHLEDE,WYETH,01-Sep-06
Aban Offshore Limited,ABANLOYD,ABAN,18-Aug-06
Kohinoor Foods Limited,SATNAMOVER,KOHINOOR,18-Aug-06
Wendt (India) Limited,WENDTINDIA,WENDT,07-Aug-06
Nava Bharat Ventures Limited,NAVBARFERO,NBVENTURES,31-Jul-06
Kansai Nerolac Paints Limited,GOODLASNER,KANSAINER,26-Jul-06
Xchanging Solutions Limited,SCANDENT,CAMBRIDGE,17-Jul-06
Hindustan Construction Company Limited,HINDCONS,HCC,10-Jul-06
Mirza International Limited,MIRZATAN,MIRZAINT,05-Jul-06
Reliance Communications Limited,RCVL,RCOM,30-Jun-06
Bharti Airtel Limited,BHARTI,BHARTIARTL,19-Jun-06
Peninsula Land Limited,MORAREALTY,PENINLAND,09-Jun-06
Clariant Chemicals (India) Limited,COLORCHEM,CLNINDIA,05-Jun-06
Cholamandalam Investment and Finance Company Limited,CHOLAINV,CHOLADBS,01-Jun-06
GMR Industries Limited,GMRVASAVI,GMRINDSTRS,28-Apr-06
Vardhman Holdings Limited,VSGML,VHL,17-Apr-06
Adroit Infotech Limited,ARHAMFISCL,COLORCHIPS,04-Apr-06
Gillette India Limited,INDSHAVING,GILLETTE,04-Apr-06
Honda India Power Products Limited,SHRMHONDA,HONDAPOWER,04-Apr-06
Johnson Controls - Hitachi Air Conditioning India Limited,AMTREXAPPL,HITACHIHOM,04-Apr-06
RPG Cables Limited,RPGTELECOM,RPGCABLES,04-Apr-06
SI Group - India Limited,HERDILCHEM,SCHENHERD,04-Apr-06
Tata Coffee Limited,CONSCOFFEE,TATACOFFEE,04-Apr-06
Shreyas Shipping & Logistics Limited,SHREYASHIP,SHREYAS,03-Apr-06
GTN Industries Limited,GTNTEXT,GTNIND,24-Feb-06
Summit Securities Limited,KECINTL,KECINFRA,21-Feb-06
Bosch Chassis Systems India Limited,KALYANBRAK,BOSCHCHASY,10-Feb-06
Ansal Properties & Infrastructure Limited,ANSALPROP,ANSALINFRA,27-Jan-06
JBM Auto Limited,JBMAUTOCOM,JBMA,04-Jan-06
Nagreeka Exports Limited,NAGREKAEXP,NAGREEKA,22-Dec-05
Simplex Infrastructures Limited,SIMPLEXCON,SIMPLEXINF,21-Dec-05
Aditya Birla Nuvo Limited,INDRAYON,ABIRLANUVO,07-Dec-05
Centurion Bank of Punjab Limited,CENBNK,CENTBOP,06-Dec-05
Aditya Birla Chemicals (India) Limited,BIHARCAUST,BCCL,05-Dec-05
PAE Limited,PREMAUTOEL,PAEL,23-Nov-05
Wopolin Plastics Limited,BAJAJPLAST,WOPOLIN,23-Nov-05
Marksans Pharma Limited,TASCPHARMA,MARKSANS,14-Nov-05
Sambhaav Media Limited,PERLENGINF,SAMBHAAV,18-Oct-05
Tata Steel Limited,TISCO,TATASTEEL,17-Oct-05
Sunflag Iron And Steel Company Limited,SUNFLAGIRN,SUNFLAG,29-Sep-05
JSW Steel Limited,JSWSTL,JSWSTEEL,16-Sep-05
Exide Industries Limited,CHLORIDIND,EXIDEIND,12-Sep-05
Indo Count Industries Limited,INDOCOUNT,ICIL,12-Sep-05
Quintegra Solutions Limited,SOFFIASOFT,QUINTEGRA,22-Aug-05
Rane Holdings Limited,RANEMADRAS,RANEHOLDIN,22-Aug-05
AXISCADES Technologies Limited,IT&T,AXIS-IT&T,16-Aug-05
ING Vysya Bank Limited,VYSYABANK,INGVYSYABK,16-Aug-05
ITD Cementation India Limited,TRAFALHSE,ITDCEM,16-Aug-05
Pricol Limited,PREMINSTR,PRICOL,16-Aug-05
Trigyn Technologies Limited,LEADEDSYS,TRIGYN,26-Jul-05
Tata Investment Corporation Limited,INVESTCORP,TATAINVEST,07-Jul-05
Man Industries (India) Limited,MANALUMN,MANINDS,24-Jun-05
Cummins India Limited,KIRLOSKCUM,CUMMINSIND,17-Jun-05
Torrent Power AEC Limited,AHMEDELEC,TORRENTAEC,17-Jun-05
INEOS Styrolution India Limited,ABSIND,LANABS,14-Jun-05
Marico Limited,MARICOIND,MARICO,14-Jun-05
Premier Limited,PREMAUTO,PREMIER,14-Jun-05
Nalwa Sons Investments Limited,JSTRIPS,NSIL,07-Jun-05
Torrent Power SEC Limited,SURATELEC,TORRENTSEC,07-Jun-05
Everest Industries Limited,ETERNEVRST,EVERESTIND,27-May-05
Igarashi Motors India Limited,CGIGARSH,IGARASHI,21-Apr-05
Windsor Machines Limited,DGPWINDSOR,WINDSOR,05-Apr-05
Honeywell Automation India Limited,TATAHONEY,HONAUT,24-Mar-05
Bhansali Engineering Polymers Limited,BHANSALENG,BEPL,21-Mar-05
Flextronics Software Systems Limited,HUGHESSOFT,FSS,17-Mar-05
Atul Limited,ATULPROD,ATUL,10-Mar-05
Linde India Limited,IOL,BOC,10-Mar-05
Jindal Saw Limited,SAWPIPES,JINDALSAW,18-Feb-05
Aban Offshore Limited,ABANLLOYD,ABANLOYD,17-Jan-05
GTL Limited,GLOBALTELE,GTL,14-Jan-05
Tata Teleservices (Maharashtra) Limited,TATATELSER,TTML,14-Jan-05
Crest Animation Studios Limited,CRESTCOMM,CRESTANI,04-Jan-05
Lotte India Corporation Limited,PARRYSCON,LOTTEINDIA,17-Dec-04
Greenply Industries Limited,MITTALLAMI,GREENPLY,09-Dec-04
Black Box Limited,TATATELECM,AVAYAGCL,01-Nov-04
SKF India Limited,SKFBEARING,SKFINDIA,20-Oct-04
Usha Martin Limited,USHABEL,USHAMART,20-Oct-04
Peninsula Land Limited,MORARJESPG,MORAREALTY,15-Oct-04
Ador Welding Limited,ADVANIORLI,ADORWELD,27-Sep-04
Carol Info Services Limited,WOCKLIFE,CAROLINFO,27-Sep-04
Videocon Industries Limited,VDOLEASE,VIDEOIND,21-Sep-04
Kinetic Motor Company Limited,KINHONDA,KINETICMOT,20-Sep-04
OCL India Limited,ORISSACEM,OCL,15-Sep-04
JD Orgochem Limited,JAYSYNTDYE,JDORGO,13-Sep-04
Greaves Cotton Limited,GREAVES,GREAVESCOT,09-Sep-04
DIC India Limited,COATESIND,DICIND,06-Sep-04
Procter & Gamble Hygiene and Health Care Limited,P&G,PGHH,07-Jul-04
3M India Limited,BIRLA3M,3MINDIA,15-Jun-04
MphasiS Limited,BFLSOFTWAR,MPHASISBFL,15-Jun-04
Trent Limited,LAKME,TRENT,07-Jun-04
Atcom Technologies Limited,ATCOIND,ATCOM,29-Apr-04
Micro Inks Limited,HINDINKS,MICRO,26-Mar-04
BSEL Infrastructure Realty Limited,BSELINFO,BSELINFRA,12-Mar-04
Panasonic AVC Networks India Company Limited.,MTAL,PAVCI,12-Mar-04
Reliance Infrastructure Limited,BSES,REL,12-Mar-04
Zensar Technologies Limited,FUJITSICIM,ZENSARTECH,04-Mar-04
Tata Steel Long Products Limited,IPITATASPO,TATASPONGE,11-Feb-04
Shiva Texyarn Limited,ANAMALFIN,SHIVTEX,22-Jan-04
Tata Motors Limited,TELCO,TATAMOTORS,26-Dec-03
Automotive Stampings and Assemblies Limited,JBMT,ASAL,14-Oct-03
Jubilant Pharmova Limited,VAMORGANIC,JUBILANT,30-Sep-03
ATN International Limited,ARIHANTCRE,ATNINT,17-Sep-03
Infomedia India Limited,TATAPRESS,TATAINFO,17-Sep-03
Venky's (India) Limited,WESTHATCH,VENKEYS,17-Sep-03
iGate Global Solutions Limited,MASCOT,IGS,07-Aug-03
GlaxoSmithKline Consumer Healthcare Limited,SMITKLBECH,GSKCONS,29-Jul-03
Sterling Biotech Limited,STERLINTEA,STERLINBIO,09-Jul-03
e-Serve International Limited,CITICORSEC,E-SERVEINT,09-Jul-03
Tata Teleservices (Maharashtra) Limited,HUGHESTELE,TATATELSER,25-Jun-03
GE Power India Limited,ABBALPO,APIL,19-May-03
PSL Limited,PSLHOLD,PSL,19-May-03
Sanofi India Limited,HOECHST,AVENTIS,19-May-03
Kotak Mahindra Bank Limited,KOTAKMAH,KOTAKBANK,21-Apr-03
Pharmacia Healthcare Limited,ABBOTTLAB,PHARMACIA,24-Mar-03
Graphite India Limited,CARBEVFLOW,GRAPHITE,13-Jan-03
Hinduja TMT Limited,HINDUJAFIN,HTMT,13-Jan-03
Agro Tech Foods Limited,ITCAGRO,ATFL,31-Dec-02
Madura Coats Limited,COATVIYELA,MADURACOAT,29-Nov-02
TVS Motor Company Limited,TVS-SUZUKI,TVSMOTOR,03-Dec-01
Ausom Enterprise Limited,COREBIO,COREEMBLG,15-Oct-01
Ambuja Cement Rajasthan Limited,DLFCEMENT,AMBUJARAJN,20-Aug-01
NuCent Finance Limited,PRESSMAN,NUCENTFIN,20-Aug-01
Saregama India Limited,GRAMOPHONE,SAREGAMA,20-Aug-01
Schaeffler India Limited,FAGPRECISN,FAGBEARING,20-Aug-01
Seamec Limited,PEERLESHIP,SEAMECLTD,20-Aug-01
Vatsa Music Limited,BABABUSERV,VATSMUSC,20-Aug-01
Wartsila India Limited,WARTDEISEL,WARTSILA,20-Sep-00
Chennai Petroleum Corporation Limited,MADRASREFN,CHENNPETRO,09-Aug-00
Netvista Information Technology Limited,KRAFTIND,NETVISTAIT,09-Aug-00
HCL Infosystems Limited,HCL-HP,HCL-INSYS,12-Apr-00
Alembic Limited,ALMBICHEM,ALEMBICLTD,22-Sep-99
Roofit Industries Limited,RATNABLDG,ROOFITIND,15-Sep-99
